tipologia,gruppo
Benzina,Benzina
Gasolio,Gasolio
Blue Diesel,Gasolio
GPL,GPL
HVOlution,HVO
Supreme Diesel,Gasolio
Metano,Metano compresso (GNC)
Blue Super,Benzina
HVO,HVO
Hi-Q Diesel,Gasolio
Gasolio speciale,Gasolio
HiQ Perform+,Benzina
Gasolio Premium,Gasolio
Benzina speciale,Benzina
Benzina WR 100,Benzina
GNL,Metano liquefatto (GNL)
Diesel Shell V Power,Gasolio
DieselMax,Gasolio
L-GNC,Metano compresso (GNC)
HVO100,HVO
S-Diesel,Gasolio
Gasolio artico,Gasolio
Benzina Shell V Power,Benzina
Excellium Diesel,Gasolio
Gasolio Oro Diesel,Gasolio
F101,Benzina
REHVO,HVO
Gasolio Energy D,Gasolio
E-DIESEL,Gasolio
Diesel HVO,HVO
Gasolio Ecoplus,Gasolio
GP DIESEL,Gasolio
BCHVO,HVO
Benzina Energy 98 ottani,Benzina
Gasolio Artico,Gasolio
Benzina Plus 98,Benzina
Gasolio Bio HVO,HVO
Gasolio HVO,HVO
Gasolio Gelo,Gasolio
Gasolio Alpino,Gasolio
V-Power,Benzina
Excellium diesel,Gasolio
Blu Diesel Alpino,Gasolio
HVO eco diesel,HVO
HVO Future,HVO
Diesel HVO Energy,HVO
Gasolio Plus,Gasolio
Gasolio Prestazionale,Gasolio
Benzina Speciale 98 Ottani,Benzina
HiQ Perform B100 Ottani,Benzina
HVO Energy Diesel,HVO
HVOvolution,HVO
Verde speciale,Benzina
F-101,Benzina
Benzina 100 ottani,Benzina
Gasolio Artico Igloo,Gasolio
V-Power Diesel,Gasolio
Benzina 102 Ottani,Benzina
GASOLIO HVO,HVO